variant,threshold,ddos_f1,ddos_precision,ddos_recall,ddos_fpr_non_ddos,benign_fpr,scan_fpr_non_scan,score_99_9
V2,0.0,0.08668813582331816,0.04530789645242752,1.0,1.0,1.0,0.0,0.9953634738922119
V2,0.01,0.003991982698630308,0.0021678897064613977,0.025172370301858236,0.549863602286314,0.5715496247167524,0.0,0.9953634738922119
V2,0.02,0.003991982698630308,0.0021678897064613977,0.025172370301858236,0.549863602286314,0.5715496247167524,0.0,0.9953634738922119
V2,0.03,0.003991982698630308,0.0021678897064613977,0.025172370301858236,0.549863602286314,0.5715496247167524,0.0,0.9953634738922119
V2,0.04,0.003991982698630308,0.0021678897064613977,0.025172370301858236,0.549863602286314,0.5715496247167524,0.0,0.9953634738922119
V2,0.05,0.003991982698630308,0.0021678897064613977,0.025172370301858236,0.549863602286314,0.5715496247167524,0.0,0.9953634738922119
V2,0.06,0.003991982698630308,0.0021678897064613977,0.025172370301858236,0.549863602286314,0.5715496247167524,0.0,0.9953634738922119
V2,0.07,0.003991982698630308,0.0021678897064613977,0.025172370301858236,0.549863602286314,0.5715496247167524,0.0,0.9953634738922119
V2,0.08,0.003991982698630308,0.0021678897064613977,0.025172370301858236,0.549863602286314,0.5715496247167524,0.0,0.9953634738922119
V2,0.09,0.003991982698630308,0.0021678897064613977,0.025172370301858236,0.549863602286314,0.5715496247167524,0.0,0.9953634738922119
V2,0.1,0.003991982698630308,0.0021678897064613977,0.025172370301858236,0.549863602286314,0.5715496247167524,0.0,0.9953634738922119
V2,0.11,0.004024635136157019,0.0021871626792423194,0.025172370301858236,0.54500775389453,0.5656546635846975,0.0,0.9953634738922119
V2,0.12,0.004024635136157019,0.0021871626792423194,0.025172370301858236,0.54500775389453,0.5656546635846975,0.0,0.9953634738922119
V2,0.13,0.004024635136157019,0.0021871626792423194,0.025172370301858236,0.54500775389453,0.5656546635846975,0.0,0.9953634738922119
V2,0.14,0.004024635136157019,0.0021871626792423194,0.025172370301858236,0.54500775389453,0.5656546635846975,0.0,0.9953634738922119
V2,0.15,0.004024635136157019,0.0021871626792423194,0.025172370301858236,0.54500775389453,0.5656546635846975,0.0,0.9953634738922119
V2,0.16,0.004024635136157019,0.0021871626792423194,0.025172370301858236,0.54500775389453,0.5656546635846975,0.0,0.9953634738922119
V2,0.17,0.004024635136157019,0.0021871626792423194,0.025172370301858236,0.54500775389453,0.5656546635846975,0.0,0.9953634738922119
V2,0.18,0.004024635136157019,0.0021871626792423194,0.025172370301858236,0.54500775389453,0.5656546635846975,0.0,0.9953634738922119
V2,0.19,0.004024635136157019,0.0021871626792423194,0.025172370301858236,0.54500775389453,0.5656546635846975,0.0,0.9953634738922119
V2,0.2,0.004024635136157019,0.0021871626792423194,0.025172370301858236,0.54500775389453,0.5656546635846975,0.0,0.9953634738922119
V2,0.21,0.004024635136157019,0.0021871626792423194,0.025172370301858236,0.54500775389453,0.5656546635846975,0.0,0.9953634738922119
V2,0.22,0.004024635136157019,0.0021871626792423194,0.025172370301858236,0.54500775389453,0.5656546635846975,0.0,0.9953634738922119
V2,0.23,0.004024635136157019,0.0021871626792423194,0.025172370301858236,0.54500775389453,0.5656546635846975,0.0,0.9953634738922119
V2,0.24,0.004024635136157019,0.0021871626792423194,0.025172370301858236,0.54500775389453,0.5656546635846975,0.0,0.9953634738922119
V2,0.25,0.004024635136157019,0.0021871626792423194,0.025172370301858236,0.54500775389453,0.5656546635846975,0.0,0.9953634738922119
V2,0.26,0.004024635136157019,0.0021871626792423194,0.025172370301858236,0.54500775389453,0.5656546635846975,0.0,0.9953634738922119
V2,0.27,0.004024635136157019,0.0021871626792423194,0.025172370301858236,0.54500775389453,0.5656546635846975,0.0,0.9953634738922119
V2,0.28,0.004024635136157019,0.0021871626792423194,0.025172370301858236,0.54500775389453,0.5656546635846975,0.0,0.9953634738922119
V2,0.29,0.004024635136157019,0.0021871626792423194,0.025172370301858236,0.54500775389453,0.5656546635846975,0.0,0.9953634738922119
V2,0.3,0.004024635136157019,0.0021871626792423194,0.025172370301858236,0.54500775389453,0.5656546635846975,0.0,0.9953634738922119
V2,0.31,0.004024635136157019,0.0021871626792423194,0.025172370301858236,0.54500775389453,0.5656546635846975,0.0,0.9953634738922119
V2,0.32,0.004024635136157019,0.0021871626792423194,0.025172370301858236,0.54500775389453,0.5656546635846975,0.0,0.9953634738922119
V2,0.33,0.004024635136157019,0.0021871626792423194,0.025172370301858236,0.54500775389453,0.5656546635846975,0.0,0.9953634738922119
V2,0.34,0.004024635136157019,0.0021871626792423194,0.025172370301858236,0.54500775389453,0.5656546635846975,0.0,0.9953634738922119
V2,0.35000000000000003,0.004024635136157019,0.0021871626792423194,0.025172370301858236,0.54500775389453,0.5656546635846975,0.0,0.9953634738922119
V2,0.36,0.004024635136157019,0.0021871626792423194,0.025172370301858236,0.54500775389453,0.5656546635846975,0.0,0.9953634738922119
V2,0.37,0.004024635136157019,0.0021871626792423194,0.025172370301858236,0.54500775389453,0.5656546635846975,0.0,0.9953634738922119
V2,0.38,0.004024635136157019,0.0021871626792423194,0.025172370301858236,0.54500775389453,0.5656546635846975,0.0,0.9953634738922119
V2,0.39,0.004024635136157019,0.0021871626792423194,0.025172370301858236,0.54500775389453,0.5656546635846975,0.0,0.9953634738922119
V2,0.4,0.004024635136157019,0.0021871626792423194,0.025172370301858236,0.54500775389453,0.5656546635846975,0.0,0.9953634738922119
V2,0.41000000000000003,0.004024635136157019,0.0021871626792423194,0.025172370301858236,0.54500775389453,0.5656546635846975,0.0,0.9953634738922119
V2,0.42,0.004024635136157019,0.0021871626792423194,0.025172370301858236,0.54500775389453,0.5656546635846975,0.0,0.9953634738922119
V2,0.43,0.004024635136157019,0.0021871626792423194,0.025172370301858236,0.54500775389453,0.5656546635846975,0.0,0.9953634738922119
V2,0.44,0.004024635136157019,0.0021871626792423194,0.025172370301858236,0.54500775389453,0.5656546635846975,0.0,0.9953634738922119
V2,0.45,0.004024635136157019,0.0021871626792423194,0.025172370301858236,0.54500775389453,0.5656546635846975,0.0,0.9953634738922119
V2,0.46,0.004024635136157019,0.0021871626792423194,0.025172370301858236,0.54500775389453,0.5656546635846975,0.0,0.9953634738922119
V2,0.47000000000000003,0.004024635136157019,0.0021871626792423194,0.025172370301858236,0.54500775389453,0.5656546635846975,0.0,0.9953634738922119
V2,0.48,0.004024635136157019,0.0021871626792423194,0.025172370301858236,0.54500775389453,0.5656546635846975,0.0,0.9953634738922119
V2,0.49,0.004024635136157019,0.0021871626792423194,0.025172370301858236,0.54500775389453,0.5656546635846975,0.0,0.9953634738922119
V2,0.5,0.004024635136157019,0.0021871626792423194,0.025172370301858236,0.54500775389453,0.5656546635846975,0.0,0.9953634738922119
V2,0.51,0.004024635136157019,0.0021871626792423194,0.025172370301858236,0.54500775389453,0.5656546635846975,0.0,0.9953634738922119
V2,0.52,0.004024635136157019,0.0021871626792423194,0.025172370301858236,0.54500775389453,0.5656546635846975,0.0,0.9953634738922119
V2,0.53,0.004024635136157019,0.0021871626792423194,0.025172370301858236,0.54500775389453,0.5656546635846975,0.0,0.9953634738922119
V2,0.54,0.004024635136157019,0.0021871626792423194,0.025172370301858236,0.54500775389453,0.5656546635846975,0.0,0.9953634738922119
V2,0.55,0.004024635136157019,0.0021871626792423194,0.025172370301858236,0.54500775389453,0.5656546635846975,0.0,0.9953634738922119
V2,0.56,0.004024635136157019,0.0021871626792423194,0.025172370301858236,0.54500775389453,0.5656546635846975,0.0,0.9953634738922119
V2,0.5700000000000001,0.004024635136157019,0.0021871626792423194,0.025172370301858236,0.54500775389453,0.5656546635846975,0.0,0.9953634738922119
V2,0.58,0.004024635136157019,0.0021871626792423194,0.025172370301858236,0.54500775389453,0.5656546635846975,0.0,0.9953634738922119
V2,0.59,0.004024635136157019,0.0021871626792423194,0.025172370301858236,0.54500775389453,0.5656546635846975,0.0,0.9953634738922119
V2,0.6,0.004024635136157019,0.0021871626792423194,0.025172370301858236,0.54500775389453,0.5656546635846975,0.0,0.9953634738922119
V2,0.61,0.004024635136157019,0.0021871626792423194,0.025172370301858236,0.54500775389453,0.5656546635846975,0.0,0.9953634738922119
V2,0.62,0.004024635136157019,0.0021871626792423194,0.025172370301858236,0.54500775389453,0.5656546635846975,0.0,0.9953634738922119
V2,0.63,0.004024635136157019,0.0021871626792423194,0.025172370301858236,0.54500775389453,0.5656546635846975,0.0,0.9953634738922119
V2,0.64,0.004024635136157019,0.0021871626792423194,0.025172370301858236,0.54500775389453,0.5656546635846975,0.0,0.9953634738922119
V2,0.65,0.004024635136157019,0.0021871626792423194,0.025172370301858236,0.54500775389453,0.5656546635846975,0.0,0.9953634738922119
V2,0.66,0.004024635136157019,0.0021871626792423194,0.025172370301858236,0.54500775389453,0.5656546635846975,0.0,0.9953634738922119
V2,0.67,0.004024635136157019,0.0021871626792423194,0.025172370301858236,0.54500775389453,0.5656546635846975,0.0,0.9953634738922119
V2,0.68,0.004024635136157019,0.0021871626792423194,0.025172370301858236,0.54500775389453,0.5656546635846975,0.0,0.9953634738922119
V2,0.6900000000000001,0.004024635136157019,0.0021871626792423194,0.025172370301858236,0.54500775389453,0.5656546635846975,0.0,0.9953634738922119
V2,0.7000000000000001,0.004024635136157019,0.0021871626792423194,0.025172370301858236,0.54500775389453,0.5656546635846975,0.0,0.9953634738922119
V2,0.71,0.004024635136157019,0.0021871626792423194,0.025172370301858236,0.54500775389453,0.5656546635846975,0.0,0.9953634738922119
V2,0.72,0.004024635136157019,0.0021871626792423194,0.025172370301858236,0.54500775389453,0.5656546635846975,0.0,0.9953634738922119
V2,0.73,0.004024635136157019,0.0021871626792423194,0.025172370301858236,0.54500775389453,0.5656546635846975,0.0,0.9953634738922119
V2,0.74,0.004024635136157019,0.0021871626792423194,0.025172370301858236,0.54500775389453,0.5656546635846975,0.0,0.9953634738922119
V2,0.75,0.004024635136157019,0.0021871626792423194,0.025172370301858236,0.54500775389453,0.5656546635846975,0.0,0.9953634738922119
V2,0.76,0.004024635136157019,0.0021871626792423194,0.025172370301858236,0.54500775389453,0.5656546635846975,0.0,0.9953634738922119
V2,0.77,0.004024635136157019,0.0021871626792423194,0.025172370301858236,0.54500775389453,0.5656546635846975,0.0,0.9953634738922119
V2,0.78,0.004024635136157019,0.0021871626792423194,0.025172370301858236,0.54500775389453,0.5656546635846975,0.0,0.9953634738922119
V2,0.79,0.004024635136157019,0.0021871626792423194,0.025172370301858236,0.54500775389453,0.5656546635846975,0.0,0.9953634738922119
V2,0.8,0.004024635136157019,0.0021871626792423194,0.025172370301858236,0.54500775389453,0.5656546635846975,0.0,0.9953634738922119
V2,0.81,0.004024635136157019,0.0021871626792423194,0.025172370301858236,0.54500775389453,0.5656546635846975,0.0,0.9953634738922119
V2,0.8200000000000001,0.004024635136157019,0.0021871626792423194,0.025172370301858236,0.54500775389453,0.5656546635846975,0.0,0.9953634738922119
V2,0.8300000000000001,0.004024635136157019,0.0021871626792423194,0.025172370301858236,0.54500775389453,0.5656546635846975,0.0,0.9953634738922119
V2,0.84,0.004024635136157019,0.0021871626792423194,0.025172370301858236,0.54500775389453,0.5656546635846975,0.0,0.9953634738922119
V2,0.85,0.004024635136157019,0.0021871626792423194,0.025172370301858236,0.54500775389453,0.5656546635846975,0.0,0.9953634738922119
V2,0.86,0.004024635136157019,0.0021871626792423194,0.025172370301858236,0.54500775389453,0.5656546635846975,0.0,0.9953634738922119
V2,0.87,0.004024635136157019,0.0021871626792423194,0.025172370301858236,0.54500775389453,0.5656546635846975,0.0,0.9953634738922119
V2,0.88,0.004298257814708297,0.002349741626531379,0.025172370301858236,0.5072159353630963,0.5180703401750858,0.0,0.9953634738922119
V2,0.89,0.004298257814708297,0.002349741626531379,0.025172370301858236,0.5072159353630963,0.5180703401750858,0.0,0.9953634738922119
V2,0.9,0.004298257814708297,0.002349741626531379,0.025172370301858236,0.5072159353630963,0.5180703401750858,0.0,0.9953634738922119
V2,0.91,0.004298257814708297,0.002349741626531379,0.025172370301858236,0.5072159353630963,0.5180703401750858,0.0,0.9953634738922119
V2,0.92,0.004298257814708297,0.002349741626531379,0.025172370301858236,0.5072159353630963,0.5180703401750858,0.0,0.9953634738922119
V2,0.93,0.004298257814708297,0.002349741626531379,0.025172370301858236,0.5072159353630963,0.5180703401750858,0.0,0.9953634738922119
V2,0.9400000000000001,0.004298257814708297,0.002349741626531379,0.025172370301858236,0.5072159353630963,0.5180703401750858,0.0,0.9953634738922119
V2,0.9500000000000001,0.004298257814708297,0.002349741626531379,0.025172370301858236,0.5072159353630963,0.5180703401750858,0.0,0.9953634738922119
V2,0.96,0.004298257814708297,0.002349741626531379,0.025172370301858236,0.5072159353630963,0.5180703401750858,0.0,0.9953634738922119
V2,0.97,0.004298257814708297,0.002349741626531379,0.025172370301858236,0.5072159353630963,0.5180703401750858,0.0,0.9953634738922119
V2,0.98,0.004298257814708297,0.002349741626531379,0.025172370301858236,0.5072159353630963,0.5180703401750858,0.0,0.9953634738922119
V2,0.99,0.004461375109438742,0.0024475838923430993,0.025172370301858236,0.4868922021609149,0.4926744255114253,0.0,0.9953634738922119
V2,0.9905945062637329,0.013512667770438266,0.009263665369103433,0.024962162616665267,0.1266974893742465,0.07166336606135208,0.0,0.9953634738922119
V2,0.9953634738922119,0.0,0.0,0.0,0.010421992429166216,0.013168088222842043,0.0,0.9953634738922119
V2,1.0,0.0,0.0,0.0,0.0,0.0,0.0,0.9953634738922119
D_all_timing,0.0,0.08668813582331816,0.04530789645242752,1.0,1.0,1.0,0.0,0.9955434203147888
D_all_timing,0.01,0.2802849866476951,0.16298339228970563,1.0,0.24372568023028743,0.1993424486489424,0.0,0.9955434203147888
D_all_timing,0.02,0.2904694667267079,0.16991183314552263,1.0,0.23185217071636607,0.18507296507256066,0.0,0.9955434203147888
D_all_timing,0.03,0.29658677697543456,0.1741132292309072,1.0,0.22511234293313195,0.17849176449475462,0.0,0.9955434203147888
D_all_timing,0.04,0.29658677697543456,0.1741132292309072,1.0,0.22511234293313195,0.17849176449475462,0.0,0.9955434203147888
D_all_timing,0.05,0.3342684539943471,0.20067366485068222,1.0,0.1890359083379431,0.13281513619262222,0.0,0.9955434203147888
D_all_timing,0.06,0.3342684539943471,0.20067366485068222,1.0,0.1890359083379431,0.13281513619262222,0.0,0.9955434203147888
D_all_timing,0.07,0.3342684539943471,0.20067366485068222,1.0,0.1890359083379431,0.13281513619262222,0.0,0.9955434203147888
D_all_timing,0.08,0.3342684539943471,0.20067366485068222,1.0,0.1890359083379431,0.13281513619262222,0.0,0.9955434203147888
D_all_timing,0.09,0.3342684539943471,0.20067366485068222,1.0,0.1890359083379431,0.13281513619262222,0.0,0.9955434203147888
D_all_timing,0.1,0.3342684539943471,0.20067366485068222,1.0,0.1890359083379431,0.13281513619262222,0.0,0.9955434203147888
D_all_timing,0.11,0.3342684539943471,0.20067366485068222,1.0,0.1890359083379431,0.13281513619262222,0.0,0.9955434203147888
D_all_timing,0.12,0.3342684539943471,0.20067366485068222,1.0,0.1890359083379431,0.13281513619262222,0.0,0.9955434203147888
D_all_timing,0.13,0.3342684539943471,0.20067366485068222,1.0,0.1890359083379431,0.13281513619262222,0.0,0.9955434203147888
D_all_timing,0.14,0.3342684539943471,0.20067366485068222,1.0,0.1890359083379431,0.13281513619262222,0.0,0.9955434203147888
D_all_timing,0.15,0.3342684539943471,0.20067366485068222,1.0,0.1890359083379431,0.13281513619262222,0.0,0.9955434203147888
D_all_timing,0.16,0.3342684539943471,0.20067366485068222,1.0,0.1890359083379431,0.13281513619262222,0.0,0.9955434203147888
D_all_timing,0.17,0.3342684539943471,0.20067366485068222,1.0,0.1890359083379431,0.13281513619262222,0.0,0.9955434203147888
D_all_timing,0.18,0.33447115773339753,0.20081979323649474,1.0,0.1888638212608845,0.1325971319488063,0.0,0.9955434203147888
D_all_timing,0.19,0.33447115773339753,0.20081979323649474,1.0,0.1888638212608845,0.1325971319488063,0.0,0.9955434203147888
D_all_timing,0.2,0.33447115773339753,0.20081979323649474,1.0,0.1888638212608845,0.1325971319488063,0.0,0.9955434203147888
D_all_timing,0.21,0.33447115773339753,0.20081979323649474,1.0,0.1888638212608845,0.1325971319488063,0.0,0.9955434203147888
D_all_timing,0.22,0.33447115773339753,0.20081979323649474,1.0,0.1888638212608845,0.1325971319488063,0.0,0.9955434203147888
D_all_timing,0.23,0.33447115773339753,0.20081979323649474,1.0,0.1888638212608845,0.1325971319488063,0.0,0.9955434203147888
D_all_timing,0.24,0.33618600049468217,0.20205744187429386,1.0,0.18741629460110465,0.13077853422793007,0.0,0.9955434203147888
D_all_timing,0.25,0.33618600049468217,0.20205744187429386,1.0,0.18741629460110465,0.13077853422793007,0.0,0.9955434203147888
D_all_timing,0.26,0.33618600049468217,0.20205744187429386,1.0,0.18741629460110465,0.13077853422793007,0.0,0.9955434203147888
D_all_timing,0.27,0.33618600049468217,0.20205744187429386,1.0,0.18741629460110465,0.13077853422793007,0.0,0.9955434203147888
D_all_timing,0.28,0.33618600049468217,0.20205744187429386,1.0,0.18741629460110465,0.13077853422793007,0.0,0.9955434203147888
D_all_timing,0.29,0.33618600049468217,0.20205744187429386,1.0,0.18741629460110465,0.13077853422793007,0.0,0.9955434203147888
D_all_timing,0.3,0.33618600049468217,0.20205744187429386,1.0,0.18741629460110465,0.13077853422793007,0.0,0.9955434203147888
D_all_timing,0.31,0.33618600049468217,0.20205744187429386,1.0,0.18741629460110465,0.13077853422793007,0.0,0.9955434203147888
D_all_timing,0.32,0.33618600049468217,0.20205744187429386,1.0,0.18741629460110465,0.13077853422793007,0.0,0.9955434203147888
D_all_timing,0.33,0.33618600049468217,0.20205744187429386,1.0,0.18741629460110465,0.13077853422793007,0.0,0.9955434203147888
D_all_timing,0.34,0.33618600049468217,0.20205744187429386,1.0,0.18741629460110465,0.13077853422793007,0.0,0.9955434203147888
D_all_timing,0.35000000000000003,0.33618600049468217,0.20205744187429386,1.0,0.18741629460110465,0.13077853422793007,0.0,0.9955434203147888
D_all_timing,0.36,0.33618600049468217,0.20205744187429386,1.0,0.18741629460110465,0.13077853422793007,0.0,0.9955434203147888
D_all_timing,0.37,0.33618600049468217,0.20205744187429386,1.0,0.18741629460110465,0.13077853422793007,0.0,0.9955434203147888
D_all_timing,0.38,0.33618600049468217,0.20205744187429386,1.0,0.18741629460110465,0.13077853422793007,0.0,0.9955434203147888
D_all_timing,0.39,0.33618600049468217,0.20205744187429386,1.0,0.18741629460110465,0.13077853422793007,0.0,0.9955434203147888
D_all_timing,0.4,0.33618600049468217,0.20205744187429386,1.0,0.18741629460110465,0.13077853422793007,0.0,0.9955434203147888
D_all_timing,0.41000000000000003,0.33618600049468217,0.20205744187429386,1.0,0.18741629460110465,0.13077853422793007,0.0,0.9955434203147888
D_all_timing,0.42,0.33618600049468217,0.20205744187429386,1.0,0.18741629460110465,0.13077853422793007,0.0,0.9955434203147888
D_all_timing,0.43,0.33618600049468217,0.20205744187429386,1.0,0.18741629460110465,0.13077853422793007,0.0,0.9955434203147888
D_all_timing,0.44,0.33618600049468217,0.20205744187429386,1.0,0.18741629460110465,0.13077853422793007,0.0,0.9955434203147888
D_all_timing,0.45,0.33618600049468217,0.20205744187429386,1.0,0.18741629460110465,0.13077853422793007,0.0,0.9955434203147888
D_all_timing,0.46,0.33618600049468217,0.20205744187429386,1.0,0.18741629460110465,0.13077853422793007,0.0,0.9955434203147888
D_all_timing,0.47000000000000003,0.33618600049468217,0.20205744187429386,1.0,0.18741629460110465,0.13077853422793007,0.0,0.9955434203147888
D_all_timing,0.48,0.33618600049468217,0.20205744187429386,1.0,0.18741629460110465,0.13077853422793007,0.0,0.9955434203147888
D_all_timing,0.49,0.33618600049468217,0.20205744187429386,1.0,0.18741629460110465,0.13077853422793007,0.0,0.9955434203147888
D_all_timing,0.5,0.33618600049468217,0.20205744187429386,1.0,0.18741629460110465,0.13077853422793007,0.0,0.9955434203147888
D_all_timing,0.51,0.33618600049468217,0.20205744187429386,1.0,0.18741629460110465,0.13077853422793007,0.0,0.9955434203147888
D_all_timing,0.52,0.33618600049468217,0.20205744187429386,1.0,0.18741629460110465,0.13077853422793007,0.0,0.9955434203147888
D_all_timing,0.53,0.33618600049468217,0.20205744187429386,1.0,0.18741629460110465,0.13077853422793007,0.0,0.9955434203147888
D_all_timing,0.54,0.33618600049468217,0.20205744187429386,1.0,0.18741629460110465,0.13077853422793007,0.0,0.9955434203147888
D_all_timing,0.55,0.33618600049468217,0.20205744187429386,1.0,0.18741629460110465,0.13077853422793007,0.0,0.9955434203147888
D_all_timing,0.56,0.33618600049468217,0.20205744187429386,1.0,0.18741629460110465,0.13077853422793007,0.0,0.9955434203147888
D_all_timing,0.5700000000000001,0.33618600049468217,0.20205744187429386,1.0,0.18741629460110465,0.13077853422793007,0.0,0.9955434203147888
D_all_timing,0.58,0.33618600049468217,0.20205744187429386,1.0,0.18741629460110465,0.13077853422793007,0.0,0.9955434203147888
D_all_timing,0.59,0.33618600049468217,0.20205744187429386,1.0,0.18741629460110465,0.13077853422793007,0.0,0.9955434203147888
D_all_timing,0.6,0.33618600049468217,0.20205744187429386,1.0,0.18741629460110465,0.13077853422793007,0.0,0.9955434203147888
D_all_timing,0.61,0.33618600049468217,0.20205744187429386,1.0,0.18741629460110465,0.13077853422793007,0.0,0.9955434203147888
D_all_timing,0.62,0.3963747029085281,0.24717413951216724,1.0,0.14454466507614977,0.07966886103208896,0.0,0.9955434203147888
D_all_timing,0.63,0.3963747029085281,0.24717413951216724,1.0,0.14454466507614977,0.07966886103208896,0.0,0.9955434203147888
D_all_timing,0.64,0.3963747029085281,0.24717413951216724,1.0,0.14454466507614977,0.07966886103208896,0.0,0.9955434203147888
D_all_timing,0.65,0.3963747029085281,0.24717413951216724,1.0,0.14454466507614977,0.07966886103208896,0.0,0.9955434203147888
D_all_timing,0.66,0.3963747029085281,0.24717413951216724,1.0,0.14454466507614977,0.07966886103208896,0.0,0.9955434203147888
D_all_timing,0.67,0.3963747029085281,0.24717413951216724,1.0,0.14454466507614977,0.07966886103208896,0.0,0.9955434203147888
D_all_timing,0.68,0.3963747029085281,0.24717413951216724,1.0,0.14454466507614977,0.07966886103208896,0.0,0.9955434203147888
D_all_timing,0.6900000000000001,0.3963747029085281,0.24717413951216724,1.0,0.14454466507614977,0.07966886103208896,0.0,0.9955434203147888
D_all_timing,0.7000000000000001,0.3963747029085281,0.24717413951216724,1.0,0.14454466507614977,0.07966886103208896,0.0,0.9955434203147888
D_all_timing,0.71,0.3963747029085281,0.24717413951216724,1.0,0.14454466507614977,0.07966886103208896,0.0,0.9955434203147888
D_all_timing,0.72,0.3963747029085281,0.24717413951216724,1.0,0.14454466507614977,0.07966886103208896,0.0,0.9955434203147888
D_all_timing,0.73,0.3963747029085281,0.24717413951216724,1.0,0.14454466507614977,0.07966886103208896,0.0,0.9955434203147888
D_all_timing,0.74,0.3963747029085281,0.24717413951216724,1.0,0.14454466507614977,0.07966886103208896,0.0,0.9955434203147888
D_all_timing,0.75,0.3963747029085281,0.24717413951216724,1.0,0.14454466507614977,0.07966886103208896,0.0,0.9955434203147888
D_all_timing,0.76,0.3963747029085281,0.24717413951216724,1.0,0.14454466507614977,0.07966886103208896,0.0,0.9955434203147888
D_all_timing,0.77,0.3963747029085281,0.24717413951216724,1.0,0.14454466507614977,0.07966886103208896,0.0,0.9955434203147888
D_all_timing,0.78,0.3963747029085281,0.24717413951216724,1.0,0.14454466507614977,0.07966886103208896,0.0,0.9955434203147888
D_all_timing,0.79,0.3963747029085281,0.24717413951216724,1.0,0.14454466507614977,0.07966886103208896,0.0,0.9955434203147888
D_all_timing,0.8,0.3963747029085281,0.24717413951216724,1.0,0.14454466507614977,0.07966886103208896,0.0,0.9955434203147888
D_all_timing,0.81,0.3963747029085281,0.24717413951216724,1.0,0.14454466507614977,0.07966886103208896,0.0,0.9955434203147888
D_all_timing,0.8200000000000001,0.3963747029085281,0.24717413951216724,1.0,0.14454466507614977,0.07966886103208896,0.0,0.9955434203147888
D_all_timing,0.8300000000000001,0.3963747029085281,0.24717413951216724,1.0,0.14454466507614977,0.07966886103208896,0.0,0.9955434203147888
D_all_timing,0.84,0.3963747029085281,0.24717413951216724,1.0,0.14454466507614977,0.07966886103208896,0.0,0.9955434203147888
D_all_timing,0.85,0.3963747029085281,0.24717413951216724,1.0,0.14454466507614977,0.07966886103208896,0.0,0.9955434203147888
D_all_timing,0.86,0.3963747029085281,0.24717413951216724,1.0,0.14454466507614977,0.07966886103208896,0.0,0.9955434203147888
D_all_timing,0.87,0.3963747029085281,0.24717413951216724,1.0,0.14454466507614977,0.07966886103208896,0.0,0.9955434203147888
D_all_timing,0.88,0.3963747029085281,0.24717413951216724,1.0,0.14454466507614977,0.07966886103208896,0.0,0.9955434203147888
D_all_timing,0.89,0.3963747029085281,0.24717413951216724,1.0,0.14454466507614977,0.07966886103208896,0.0,0.9955434203147888
D_all_timing,0.9,0.3963747029085281,0.24717413951216724,1.0,0.14454466507614977,0.07966886103208896,0.0,0.9955434203147888
D_all_timing,0.91,0.3963747029085281,0.24717413951216724,1.0,0.14454466507614977,0.07966886103208896,0.0,0.9955434203147888
D_all_timing,0.92,0.3963747029085281,0.24717413951216724,1.0,0.14454466507614977,0.07966886103208896,0.0,0.9955434203147888
D_all_timing,0.93,0.3963747029085281,0.24717413951216724,1.0,0.14454466507614977,0.07966886103208896,0.0,0.9955434203147888
D_all_timing,0.9400000000000001,0.3963747029085281,0.24717413951216724,1.0,0.14454466507614977,0.07966886103208896,0.0,0.9955434203147888
D_all_timing,0.9500000000000001,0.3963747029085281,0.24717413951216724,1.0,0.14454466507614977,0.07966886103208896,0.0,0.9955434203147888
D_all_timing,0.96,0.3963747029085281,0.24717413951216724,1.0,0.14454466507614977,0.07966886103208896,0.0,0.9955434203147888
D_all_timing,0.97,0.3963747029085281,0.24717413951216724,1.0,0.14454466507614977,0.07966886103208896,0.0,0.9955434203147888
D_all_timing,0.98,0.4021886205263514,0.25173085473523743,0.9997057092407299,0.14102760426356956,0.07636720255690542,0.0,0.9955434203147888
D_all_timing,0.9852607846260071,0.5406462357859675,0.37051291540226483,0.9996846884722106,0.08060409048488153,0.01203888942951133,0.0,0.9955434203147888
D_all_timing,0.99,0.0,0.0,0.0,0.006891463932294459,0.008706899929101229,0.0,0.9955434203147888
D_all_timing,0.9955434203147888,0.0,0.0,0.0,0.006761775120598125,0.00854260687579066,0.0,0.9955434203147888
D_all_timing,1.0,0.0,0.0,0.0,0.0,0.0,0.0,0.9955434203147888
