variant,population,feature,n,mean_abs_SHAP_log_odds,mean_signed_SHAP_log_odds
V2,sim_benign_TN,flow.packet_count,213,0.0,0.0
V2,sim_benign_TN,flow.duration_s,213,0.0,0.0
V2,sim_benign_TN,flow.pps,213,5.358565807342529,-5.358565807342529
V2,sim_benign_TN,flow.iat_s_mean,213,0.0,0.0
V2,sim_benign_TN,flow.iat_s_min,213,0.0,0.0
V2,sim_benign_TN,flow.iat_s_max,213,0.0,0.0
V2,sim_benign_TN,flow.psh_count,213,0.0,0.0
V2,sim_benign_TN,flow.urg_count,213,0.0,0.0
V2,sim_benign_TN,flow.rst_count,213,0.0,0.0
V2,sim_benign_TN,mask:flow.packet_count,213,0.0,0.0
V2,sim_benign_TN,mask:flow.duration_s,213,0.0,0.0
V2,sim_benign_TN,mask:flow.pps,213,0.0,0.0
V2,sim_benign_TN,mask:flow.iat_s_mean,213,0.0,0.0
V2,sim_benign_TN,mask:flow.iat_s_min,213,0.0,0.0
V2,sim_benign_TN,mask:flow.iat_s_max,213,0.0,0.0
V2,sim_benign_TN,mask:flow.psh_count,213,0.0,0.0
V2,sim_benign_TN,mask:flow.urg_count,213,0.0,0.0
V2,sim_benign_TN,mask:flow.rst_count,213,0.0,0.0
V2,sim_benign_TN,latent_0,213,0.0,0.0
V2,sim_benign_TN,latent_1,213,0.0,0.0
V2,sim_benign_TN,latent_2,213,0.0,0.0
V2,sim_benign_TN,latent_3,213,0.0,0.0
V2,sim_benign_TN,latent_4,213,0.0,0.0
V2,sim_benign_TN,latent_5,213,0.0,0.0
V2,sim_benign_TN,latent_6,213,0.0,0.0
V2,sim_benign_TN,latent_7,213,0.0,0.0
V2,sim_benign_TN,latent_8,213,0.0,0.0
V2,sim_benign_TN,latent_9,213,0.0,0.0
V2,sim_benign_TN,latent_10,213,0.0,0.0
V2,sim_benign_TN,latent_11,213,0.0,0.0
V2,sim_benign_TN,latent_12,213,0.0,0.0
V2,sim_benign_TN,latent_13,213,0.0,0.0
V2,sim_benign_TN,latent_14,213,0.0,0.0
V2,sim_benign_TN,latent_15,213,0.0,0.0
V2,sim_benign_TN,latent_16,213,0.0,0.0
V2,sim_benign_TN,latent_17,213,0.0,0.0
V2,sim_benign_TN,latent_18,213,0.0,0.0
V2,sim_benign_TN,latent_19,213,0.0,0.0
V2,sim_benign_TN,latent_20,213,0.0,0.0
V2,sim_benign_TN,latent_21,213,0.0,0.0
V2,sim_benign_TN,latent_22,213,0.0,0.0
V2,sim_benign_TN,latent_23,213,0.0,0.0
V2,sim_benign_TN,latent_24,213,0.0,0.0
V2,sim_benign_TN,latent_25,213,0.0,0.0
V2,sim_benign_TN,latent_26,213,0.0,0.0
V2,sim_benign_TN,latent_27,213,0.0,0.0
V2,sim_benign_TN,latent_28,213,0.0,0.0
V2,sim_benign_TN,latent_29,213,0.0,0.0
V2,sim_benign_TN,latent_30,213,0.0,0.0
V2,sim_benign_TN,latent_31,213,0.0,0.0
V2,sim_benign_TN,energy,213,0.0,0.0
V2,sim_benign_TN,ae_error,213,0.0,0.0
V2,sim_benign_TN,iforest,213,0.0,0.0
V2,sim_benign_TN,prototype_distance,213,0.0,0.0
V2,sim_DDoS_TP,flow.packet_count,179,0.0,0.0
V2,sim_DDoS_TP,flow.duration_s,179,0.0,0.0
V2,sim_DDoS_TP,flow.pps,179,5.358567237854004,5.358567237854004
V2,sim_DDoS_TP,flow.iat_s_mean,179,0.0,0.0
V2,sim_DDoS_TP,flow.iat_s_min,179,0.0,0.0
V2,sim_DDoS_TP,flow.iat_s_max,179,0.0,0.0
V2,sim_DDoS_TP,flow.psh_count,179,0.0,0.0
V2,sim_DDoS_TP,flow.urg_count,179,0.0,0.0
V2,sim_DDoS_TP,flow.rst_count,179,0.0,0.0
V2,sim_DDoS_TP,mask:flow.packet_count,179,0.0,0.0
V2,sim_DDoS_TP,mask:flow.duration_s,179,0.0,0.0
V2,sim_DDoS_TP,mask:flow.pps,179,0.0,0.0
V2,sim_DDoS_TP,mask:flow.iat_s_mean,179,0.0,0.0
V2,sim_DDoS_TP,mask:flow.iat_s_min,179,0.0,0.0
V2,sim_DDoS_TP,mask:flow.iat_s_max,179,0.0,0.0
V2,sim_DDoS_TP,mask:flow.psh_count,179,0.0,0.0
V2,sim_DDoS_TP,mask:flow.urg_count,179,0.0,0.0
V2,sim_DDoS_TP,mask:flow.rst_count,179,0.0,0.0
V2,sim_DDoS_TP,latent_0,179,0.0,0.0
V2,sim_DDoS_TP,latent_1,179,0.0,0.0
V2,sim_DDoS_TP,latent_2,179,0.0,0.0
V2,sim_DDoS_TP,latent_3,179,0.0,0.0
V2,sim_DDoS_TP,latent_4,179,0.0,0.0
V2,sim_DDoS_TP,latent_5,179,0.0,0.0
V2,sim_DDoS_TP,latent_6,179,0.0,0.0
V2,sim_DDoS_TP,latent_7,179,0.0,0.0
V2,sim_DDoS_TP,latent_8,179,0.0,0.0
V2,sim_DDoS_TP,latent_9,179,0.0,0.0
V2,sim_DDoS_TP,latent_10,179,0.0,0.0
V2,sim_DDoS_TP,latent_11,179,0.0,0.0
V2,sim_DDoS_TP,latent_12,179,0.0,0.0
V2,sim_DDoS_TP,latent_13,179,0.0,0.0
V2,sim_DDoS_TP,latent_14,179,0.0,0.0
V2,sim_DDoS_TP,latent_15,179,0.0,0.0
V2,sim_DDoS_TP,latent_16,179,0.0,0.0
V2,sim_DDoS_TP,latent_17,179,0.0,0.0
V2,sim_DDoS_TP,latent_18,179,0.0,0.0
V2,sim_DDoS_TP,latent_19,179,0.0,0.0
V2,sim_DDoS_TP,latent_20,179,0.0,0.0
V2,sim_DDoS_TP,latent_21,179,0.0,0.0
V2,sim_DDoS_TP,latent_22,179,0.0,0.0
V2,sim_DDoS_TP,latent_23,179,0.0,0.0
V2,sim_DDoS_TP,latent_24,179,0.0,0.0
V2,sim_DDoS_TP,latent_25,179,0.0,0.0
V2,sim_DDoS_TP,latent_26,179,0.0,0.0
V2,sim_DDoS_TP,latent_27,179,0.0,0.0
V2,sim_DDoS_TP,latent_28,179,0.0,0.0
V2,sim_DDoS_TP,latent_29,179,0.0,0.0
V2,sim_DDoS_TP,latent_30,179,0.0,0.0
V2,sim_DDoS_TP,latent_31,179,0.0,0.0
V2,sim_DDoS_TP,energy,179,0.0,0.0
V2,sim_DDoS_TP,ae_error,179,0.0,0.0
V2,sim_DDoS_TP,iforest,179,0.0,0.0
V2,sim_DDoS_TP,prototype_distance,179,0.0,0.0
V2,CICIDS_benign_TN,flow.packet_count,150000,0.0,0.0
V2,CICIDS_benign_TN,flow.duration_s,150000,0.0,0.0
V2,CICIDS_benign_TN,flow.pps,150000,5.358566761016846,0.1831212192773819
V2,CICIDS_benign_TN,flow.iat_s_mean,150000,0.0,0.0
V2,CICIDS_benign_TN,flow.iat_s_min,150000,0.0,0.0
V2,CICIDS_benign_TN,flow.iat_s_max,150000,0.0,0.0
V2,CICIDS_benign_TN,flow.psh_count,150000,0.0,0.0
V2,CICIDS_benign_TN,flow.urg_count,150000,0.0,0.0
V2,CICIDS_benign_TN,flow.rst_count,150000,0.0,0.0
V2,CICIDS_benign_TN,mask:flow.packet_count,150000,0.0,0.0
V2,CICIDS_benign_TN,mask:flow.duration_s,150000,0.0,0.0
V2,CICIDS_benign_TN,mask:flow.pps,150000,0.0,0.0
V2,CICIDS_benign_TN,mask:flow.iat_s_mean,150000,0.0,0.0
V2,CICIDS_benign_TN,mask:flow.iat_s_min,150000,0.0,0.0
V2,CICIDS_benign_TN,mask:flow.iat_s_max,150000,0.0,0.0
V2,CICIDS_benign_TN,mask:flow.psh_count,150000,0.0,0.0
V2,CICIDS_benign_TN,mask:flow.urg_count,150000,0.0,0.0
V2,CICIDS_benign_TN,mask:flow.rst_count,150000,0.0,0.0
V2,CICIDS_benign_TN,latent_0,150000,0.0,0.0
V2,CICIDS_benign_TN,latent_1,150000,0.0,0.0
V2,CICIDS_benign_TN,latent_2,150000,0.0,0.0
V2,CICIDS_benign_TN,latent_3,150000,0.0,0.0
V2,CICIDS_benign_TN,latent_4,150000,0.0,0.0
V2,CICIDS_benign_TN,latent_5,150000,0.0,0.0
V2,CICIDS_benign_TN,latent_6,150000,0.0,0.0
V2,CICIDS_benign_TN,latent_7,150000,0.0,0.0
V2,CICIDS_benign_TN,latent_8,150000,0.0,0.0
V2,CICIDS_benign_TN,latent_9,150000,0.0,0.0
V2,CICIDS_benign_TN,latent_10,150000,0.0,0.0
V2,CICIDS_benign_TN,latent_11,150000,0.0,0.0
V2,CICIDS_benign_TN,latent_12,150000,0.0,0.0
V2,CICIDS_benign_TN,latent_13,150000,0.0,0.0
V2,CICIDS_benign_TN,latent_14,150000,0.0,0.0
V2,CICIDS_benign_TN,latent_15,150000,0.0,0.0
V2,CICIDS_benign_TN,latent_16,150000,0.0,0.0
V2,CICIDS_benign_TN,latent_17,150000,0.0,0.0
V2,CICIDS_benign_TN,latent_18,150000,0.0,0.0
V2,CICIDS_benign_TN,latent_19,150000,0.0,0.0
V2,CICIDS_benign_TN,latent_20,150000,0.0,0.0
V2,CICIDS_benign_TN,latent_21,150000,0.0,0.0
V2,CICIDS_benign_TN,latent_22,150000,0.0,0.0
V2,CICIDS_benign_TN,latent_23,150000,0.0,0.0
V2,CICIDS_benign_TN,latent_24,150000,0.0,0.0
V2,CICIDS_benign_TN,latent_25,150000,0.0,0.0
V2,CICIDS_benign_TN,latent_26,150000,0.0,0.0
V2,CICIDS_benign_TN,latent_27,150000,0.0,0.0
V2,CICIDS_benign_TN,latent_28,150000,0.0,0.0
V2,CICIDS_benign_TN,latent_29,150000,0.0,0.0
V2,CICIDS_benign_TN,latent_30,150000,0.0,0.0
V2,CICIDS_benign_TN,latent_31,150000,0.0,0.0
V2,CICIDS_benign_TN,energy,150000,0.0,0.0
V2,CICIDS_benign_TN,ae_error,150000,0.0,0.0
V2,CICIDS_benign_TN,iforest,150000,0.0,0.0
V2,CICIDS_benign_TN,prototype_distance,150000,0.0,0.0
V2,CICIDS_DDoS_FN,flow.packet_count,92749,0.0,0.0
V2,CICIDS_DDoS_FN,flow.duration_s,92749,0.0,0.0
V2,CICIDS_DDoS_FN,flow.pps,92749,5.358565330505371,-5.358565330505371
V2,CICIDS_DDoS_FN,flow.iat_s_mean,92749,0.0,0.0
V2,CICIDS_DDoS_FN,flow.iat_s_min,92749,0.0,0.0
V2,CICIDS_DDoS_FN,flow.iat_s_max,92749,0.0,0.0
V2,CICIDS_DDoS_FN,flow.psh_count,92749,0.0,0.0
V2,CICIDS_DDoS_FN,flow.urg_count,92749,0.0,0.0
V2,CICIDS_DDoS_FN,flow.rst_count,92749,0.0,0.0
V2,CICIDS_DDoS_FN,mask:flow.packet_count,92749,0.0,0.0
V2,CICIDS_DDoS_FN,mask:flow.duration_s,92749,0.0,0.0
V2,CICIDS_DDoS_FN,mask:flow.pps,92749,0.0,0.0
V2,CICIDS_DDoS_FN,mask:flow.iat_s_mean,92749,0.0,0.0
V2,CICIDS_DDoS_FN,mask:flow.iat_s_min,92749,0.0,0.0
V2,CICIDS_DDoS_FN,mask:flow.iat_s_max,92749,0.0,0.0
V2,CICIDS_DDoS_FN,mask:flow.psh_count,92749,0.0,0.0
V2,CICIDS_DDoS_FN,mask:flow.urg_count,92749,0.0,0.0
V2,CICIDS_DDoS_FN,mask:flow.rst_count,92749,0.0,0.0
V2,CICIDS_DDoS_FN,latent_0,92749,0.0,0.0
V2,CICIDS_DDoS_FN,latent_1,92749,0.0,0.0
V2,CICIDS_DDoS_FN,latent_2,92749,0.0,0.0
V2,CICIDS_DDoS_FN,latent_3,92749,0.0,0.0
V2,CICIDS_DDoS_FN,latent_4,92749,0.0,0.0
V2,CICIDS_DDoS_FN,latent_5,92749,0.0,0.0
V2,CICIDS_DDoS_FN,latent_6,92749,0.0,0.0
V2,CICIDS_DDoS_FN,latent_7,92749,0.0,0.0
V2,CICIDS_DDoS_FN,latent_8,92749,0.0,0.0
V2,CICIDS_DDoS_FN,latent_9,92749,0.0,0.0
V2,CICIDS_DDoS_FN,latent_10,92749,0.0,0.0
V2,CICIDS_DDoS_FN,latent_11,92749,0.0,0.0
V2,CICIDS_DDoS_FN,latent_12,92749,0.0,0.0
V2,CICIDS_DDoS_FN,latent_13,92749,0.0,0.0
V2,CICIDS_DDoS_FN,latent_14,92749,0.0,0.0
V2,CICIDS_DDoS_FN,latent_15,92749,0.0,0.0
V2,CICIDS_DDoS_FN,latent_16,92749,0.0,0.0
V2,CICIDS_DDoS_FN,latent_17,92749,0.0,0.0
V2,CICIDS_DDoS_FN,latent_18,92749,0.0,0.0
V2,CICIDS_DDoS_FN,latent_19,92749,0.0,0.0
V2,CICIDS_DDoS_FN,latent_20,92749,0.0,0.0
V2,CICIDS_DDoS_FN,latent_21,92749,0.0,0.0
V2,CICIDS_DDoS_FN,latent_22,92749,0.0,0.0
V2,CICIDS_DDoS_FN,latent_23,92749,0.0,0.0
V2,CICIDS_DDoS_FN,latent_24,92749,0.0,0.0
V2,CICIDS_DDoS_FN,latent_25,92749,0.0,0.0
V2,CICIDS_DDoS_FN,latent_26,92749,0.0,0.0
V2,CICIDS_DDoS_FN,latent_27,92749,0.0,0.0
V2,CICIDS_DDoS_FN,latent_28,92749,0.0,0.0
V2,CICIDS_DDoS_FN,latent_29,92749,0.0,0.0
V2,CICIDS_DDoS_FN,latent_30,92749,0.0,0.0
V2,CICIDS_DDoS_FN,latent_31,92749,0.0,0.0
V2,CICIDS_DDoS_FN,energy,92749,0.0,0.0
V2,CICIDS_DDoS_FN,ae_error,92749,0.0,0.0
V2,CICIDS_DDoS_FN,iforest,92749,0.0,0.0
V2,CICIDS_DDoS_FN,prototype_distance,92749,0.0,0.0
V3_additive,sim_benign_TN,flow.packet_count,93,0.0603962168097496,-0.058494940400123596
V3_additive,sim_benign_TN,flow.duration_s,93,0.21514081954956055,-0.20997978746891022
V3_additive,sim_benign_TN,flow.pps,93,0.0721864327788353,-0.07101280242204666
V3_additive,sim_benign_TN,flow.iat_s_mean,93,0.14539766311645508,-0.09819591790437698
V3_additive,sim_benign_TN,flow.iat_s_min,93,0.057736314833164215,-0.016852622851729393
V3_additive,sim_benign_TN,flow.iat_s_max,93,0.6714234352111816,-0.10652609914541245
V3_additive,sim_benign_TN,flow.psh_count,93,0.014134923927485943,-0.006741211749613285
V3_additive,sim_benign_TN,flow.urg_count,93,0.0,0.0
V3_additive,sim_benign_TN,flow.rst_count,93,0.0,0.0
V3_additive,sim_benign_TN,mask:flow.packet_count,93,0.0,0.0
V3_additive,sim_benign_TN,mask:flow.duration_s,93,0.0,0.0
V3_additive,sim_benign_TN,mask:flow.pps,93,0.0,0.0
V3_additive,sim_benign_TN,mask:flow.iat_s_mean,93,0.0,0.0
V3_additive,sim_benign_TN,mask:flow.iat_s_min,93,0.0,0.0
V3_additive,sim_benign_TN,mask:flow.iat_s_max,93,0.0,0.0
V3_additive,sim_benign_TN,mask:flow.psh_count,93,0.0,0.0
V3_additive,sim_benign_TN,mask:flow.urg_count,93,0.0,0.0
V3_additive,sim_benign_TN,mask:flow.rst_count,93,0.0,0.0
V3_additive,sim_benign_TN,latent_0,93,0.02724231779575348,-0.0029182780999690294
V3_additive,sim_benign_TN,latent_1,93,0.332225501537323,0.20733608305454254
V3_additive,sim_benign_TN,latent_2,93,0.06066931411623955,-0.045071206986904144
V3_additive,sim_benign_TN,latent_3,93,0.015233667567372322,-0.009774451144039631
V3_additive,sim_benign_TN,latent_4,93,0.01660684309899807,-0.010858051478862762
V3_additive,sim_benign_TN,latent_5,93,0.02771306224167347,-0.021911900490522385
V3_additive,sim_benign_TN,latent_6,93,0.019228579476475716,0.0051897247321903706
V3_additive,sim_benign_TN,latent_7,93,0.011099220253527164,-0.005817140452563763
V3_additive,sim_benign_TN,latent_8,93,0.027126584202051163,-0.018529264256358147
V3_additive,sim_benign_TN,latent_9,93,0.020212873816490173,-0.01049612183123827
V3_additive,sim_benign_TN,latent_10,93,0.04560941830277443,-0.023555168882012367
V3_additive,sim_benign_TN,latent_11,93,0.08117011189460754,-0.06485683470964432
V3_additive,sim_benign_TN,latent_12,93,0.0,0.0
V3_additive,sim_benign_TN,latent_13,93,0.0770702138543129,-0.0684085339307785
V3_additive,sim_benign_TN,latent_14,93,1.7064714431762695,-1.592958688735962
V3_additive,sim_benign_TN,latent_15,93,0.051547277718782425,0.005475665908306837
V3_additive,sim_benign_TN,latent_16,93,0.0020639391150325537,0.0013428900856524706
V3_additive,sim_benign_TN,latent_17,93,1.1703343391418457,0.057355064898729324
V3_additive,sim_benign_TN,latent_18,93,0.0,0.0
V3_additive,sim_benign_TN,latent_19,93,0.10639553517103195,-0.04528237506747246
V3_additive,sim_benign_TN,latent_20,93,0.20529042184352875,-0.05350862070918083
V3_additive,sim_benign_TN,latent_21,93,0.025449426844716072,-0.01818682625889778
V3_additive,sim_benign_TN,latent_22,93,0.0031527781393378973,-0.0004999099182896316
V3_additive,sim_benign_TN,latent_23,93,0.08184888958930969,-0.03828559070825577
V3_additive,sim_benign_TN,latent_24,93,0.05617367476224899,-0.043958209455013275
V3_additive,sim_benign_TN,latent_25,93,0.010837193578481674,-0.0034465338103473186
V3_additive,sim_benign_TN,latent_26,93,0.3277236223220825,-0.2977425754070282
V3_additive,sim_benign_TN,latent_27,93,0.0,0.0
V3_additive,sim_benign_TN,latent_28,93,0.035174332559108734,-0.01778978854417801
V3_additive,sim_benign_TN,latent_29,93,0.019520742818713188,-0.00842460710555315
V3_additive,sim_benign_TN,latent_30,93,0.07271155714988708,-0.06076393276453018
V3_additive,sim_benign_TN,latent_31,93,0.003773809876292944,-0.0005959044210612774
V3_additive,sim_benign_TN,energy,93,0.131045401096344,-0.10775623470544815
V3_additive,sim_benign_TN,ae_error,93,0.02463674731552601,0.0016289997147396207
V3_additive,sim_benign_TN,iforest,93,0.044875066727399826,-0.03474760055541992
V3_additive,sim_benign_TN,prototype_distance,93,0.10311972349882126,-0.07137460261583328
V3_additive,sim_DDoS_TP,flow.packet_count,184,0.002355211181566119,0.0023141594137996435
V3_additive,sim_DDoS_TP,flow.duration_s,184,0.019406186416745186,0.004038854967802763
V3_additive,sim_DDoS_TP,flow.pps,184,0.052323270589113235,-0.04690607637166977
V3_additive,sim_DDoS_TP,flow.iat_s_mean,184,0.15766388177871704,0.03819936141371727
V3_additive,sim_DDoS_TP,flow.iat_s_min,184,0.04579863324761391,0.043786223977804184
V3_additive,sim_DDoS_TP,flow.iat_s_max,184,0.6260176301002502,0.6254991888999939
V3_additive,sim_DDoS_TP,flow.psh_count,184,0.005503844935446978,-0.002078257966786623
V3_additive,sim_DDoS_TP,flow.urg_count,184,0.0,0.0
V3_additive,sim_DDoS_TP,flow.rst_count,184,0.0,0.0
V3_additive,sim_DDoS_TP,mask:flow.packet_count,184,0.0,0.0
V3_additive,sim_DDoS_TP,mask:flow.duration_s,184,0.0,0.0
V3_additive,sim_DDoS_TP,mask:flow.pps,184,0.0,0.0
V3_additive,sim_DDoS_TP,mask:flow.iat_s_mean,184,0.0,0.0
V3_additive,sim_DDoS_TP,mask:flow.iat_s_min,184,0.0,0.0
V3_additive,sim_DDoS_TP,mask:flow.iat_s_max,184,0.0,0.0
V3_additive,sim_DDoS_TP,mask:flow.psh_count,184,0.0,0.0
V3_additive,sim_DDoS_TP,mask:flow.urg_count,184,0.0,0.0
V3_additive,sim_DDoS_TP,mask:flow.rst_count,184,0.0,0.0
V3_additive,sim_DDoS_TP,latent_0,184,0.038406550884246826,-0.020134422928094864
V3_additive,sim_DDoS_TP,latent_1,184,0.6523022055625916,0.6523022055625916
V3_additive,sim_DDoS_TP,latent_2,184,0.04334547370672226,-0.0014431450981646776
V3_additive,sim_DDoS_TP,latent_3,184,0.00876675359904766,-0.00704963831230998
V3_additive,sim_DDoS_TP,latent_4,184,0.020909974351525307,0.009026170708239079
V3_additive,sim_DDoS_TP,latent_5,184,0.007781310006976128,0.0070051043294370174
V3_additive,sim_DDoS_TP,latent_6,184,0.011687245219945908,0.010909467935562134
V3_additive,sim_DDoS_TP,latent_7,184,0.014528960920870304,-0.014057927764952183
V3_additive,sim_DDoS_TP,latent_8,184,0.01615372858941555,0.00035576490336097777
V3_additive,sim_DDoS_TP,latent_9,184,0.004771951120346785,0.0014082101406529546
V3_additive,sim_DDoS_TP,latent_10,184,0.02272261306643486,-0.019605986773967743
V3_additive,sim_DDoS_TP,latent_11,184,0.0413261353969574,0.028300810605287552
V3_additive,sim_DDoS_TP,latent_12,184,0.0,0.0
V3_additive,sim_DDoS_TP,latent_13,184,0.06882833689451218,-0.057647839188575745
V3_additive,sim_DDoS_TP,latent_14,184,0.275432825088501,0.11861944198608398
V3_additive,sim_DDoS_TP,latent_15,184,0.06259598582983017,-0.019056791439652443
V3_additive,sim_DDoS_TP,latent_16,184,0.0023597246035933495,0.002225790172815323
V3_additive,sim_DDoS_TP,latent_17,184,1.1972225904464722,1.1499003171920776
V3_additive,sim_DDoS_TP,latent_18,184,0.0,0.0
V3_additive,sim_DDoS_TP,latent_19,184,0.13513913750648499,0.09943859279155731
V3_additive,sim_DDoS_TP,latent_20,184,0.1267242282629013,0.0775972530245781
V3_additive,sim_DDoS_TP,latent_21,184,0.03613637760281563,-0.026989730075001717
V3_additive,sim_DDoS_TP,latent_22,184,0.0010576348286122084,0.0009418949484825134
V3_additive,sim_DDoS_TP,latent_23,184,0.060910679399967194,-0.00022986401745583862
V3_additive,sim_DDoS_TP,latent_24,184,0.025407373905181885,0.015496420674026012
V3_additive,sim_DDoS_TP,latent_25,184,0.03193345293402672,-0.02984488010406494
V3_additive,sim_DDoS_TP,latent_26,184,0.07158239930868149,0.02075125277042389
V3_additive,sim_DDoS_TP,latent_27,184,0.0,0.0
V3_additive,sim_DDoS_TP,latent_28,184,0.03395964205265045,0.01322331465780735
V3_additive,sim_DDoS_TP,latent_29,184,0.0020981684792786837,-0.0020981684792786837
V3_additive,sim_DDoS_TP,latent_30,184,0.018308181315660477,0.015835048630833626
V3_additive,sim_DDoS_TP,latent_31,184,0.005272235721349716,-0.0020145338494330645
V3_additive,sim_DDoS_TP,energy,184,0.021481579169631004,0.021481579169631004
V3_additive,sim_DDoS_TP,ae_error,184,0.0276683047413826,-0.017016462981700897
V3_additive,sim_DDoS_TP,iforest,184,0.017276067286729813,0.017276067286729813
V3_additive,sim_DDoS_TP,prototype_distance,184,0.02688225917518139,0.011916345916688442
V3_additive,CICIDS_benign_TN,flow.packet_count,150000,0.021442990750074387,-0.017856182530522346
V3_additive,CICIDS_benign_TN,flow.duration_s,150000,0.3234961926937103,-0.3198067843914032
V3_additive,CICIDS_benign_TN,flow.pps,150000,0.14267437160015106,-0.14264611899852753
V3_additive,CICIDS_benign_TN,flow.iat_s_mean,150000,0.1294558346271515,-0.1270255446434021
V3_additive,CICIDS_benign_TN,flow.iat_s_min,150000,0.10662991553544998,-0.05749204382300377
V3_additive,CICIDS_benign_TN,flow.iat_s_max,150000,0.7594521045684814,-0.593210756778717
V3_additive,CICIDS_benign_TN,flow.psh_count,150000,0.018915299326181412,-0.016697272658348083
V3_additive,CICIDS_benign_TN,flow.urg_count,150000,0.0,0.0
V3_additive,CICIDS_benign_TN,flow.rst_count,150000,0.0,0.0
V3_additive,CICIDS_benign_TN,mask:flow.packet_count,150000,0.0,0.0
V3_additive,CICIDS_benign_TN,mask:flow.duration_s,150000,0.0,0.0
V3_additive,CICIDS_benign_TN,mask:flow.pps,150000,0.0,0.0
V3_additive,CICIDS_benign_TN,mask:flow.iat_s_mean,150000,0.0,0.0
V3_additive,CICIDS_benign_TN,mask:flow.iat_s_min,150000,0.0,0.0
V3_additive,CICIDS_benign_TN,mask:flow.iat_s_max,150000,0.0,0.0
V3_additive,CICIDS_benign_TN,mask:flow.psh_count,150000,0.0,0.0
V3_additive,CICIDS_benign_TN,mask:flow.urg_count,150000,0.0,0.0
V3_additive,CICIDS_benign_TN,mask:flow.rst_count,150000,0.0,0.0
V3_additive,CICIDS_benign_TN,latent_0,150000,0.029347378760576248,-0.013770479708909988
V3_additive,CICIDS_benign_TN,latent_1,150000,0.2455064058303833,0.05424075573682785
V3_additive,CICIDS_benign_TN,latent_2,150000,0.056677162647247314,-0.05295644700527191
V3_additive,CICIDS_benign_TN,latent_3,150000,0.010826095938682556,0.0002933840441983193
V3_additive,CICIDS_benign_TN,latent_4,150000,0.016829289495944977,-0.008793377317488194
V3_additive,CICIDS_benign_TN,latent_5,150000,0.03299456089735031,-0.030368346720933914
V3_additive,CICIDS_benign_TN,latent_6,150000,0.061749979853630066,0.05696045607328415
V3_additive,CICIDS_benign_TN,latent_7,150000,0.00989525392651558,0.0024857555981725454
V3_additive,CICIDS_benign_TN,latent_8,150000,0.01132878940552473,0.003654638770967722
V3_additive,CICIDS_benign_TN,latent_9,150000,0.03827570751309395,-0.0341702438890934
V3_additive,CICIDS_benign_TN,latent_10,150000,0.04000573605298996,-0.009479600004851818
V3_additive,CICIDS_benign_TN,latent_11,150000,0.06478288024663925,-0.06383538991212845
V3_additive,CICIDS_benign_TN,latent_12,150000,0.0,0.0
V3_additive,CICIDS_benign_TN,latent_13,150000,0.05168791487812996,-0.05109282582998276
V3_additive,CICIDS_benign_TN,latent_14,150000,1.0327239036560059,-0.9214464426040649
V3_additive,CICIDS_benign_TN,latent_15,150000,0.04717308655381203,-0.023477671667933464
V3_additive,CICIDS_benign_TN,latent_16,150000,0.0010641319677233696,0.00015965431521181017
V3_additive,CICIDS_benign_TN,latent_17,150000,1.2530145645141602,-0.6964505910873413
V3_additive,CICIDS_benign_TN,latent_18,150000,0.0,0.0
V3_additive,CICIDS_benign_TN,latent_19,150000,0.07731004059314728,-0.04667416587471962
V3_additive,CICIDS_benign_TN,latent_20,150000,0.3495233952999115,-0.30057233572006226
V3_additive,CICIDS_benign_TN,latent_21,150000,0.019949570298194885,-0.019544709473848343
V3_additive,CICIDS_benign_TN,latent_22,150000,0.003003569319844246,0.001015676069073379
V3_additive,CICIDS_benign_TN,latent_23,150000,0.08440825343132019,0.04189532995223999
V3_additive,CICIDS_benign_TN,latent_24,150000,0.03584352880716324,-0.01207027304917574
V3_additive,CICIDS_benign_TN,latent_25,150000,0.006387204397469759,0.0005944329896010458
V3_additive,CICIDS_benign_TN,latent_26,150000,0.23930378258228302,-0.23294714093208313
V3_additive,CICIDS_benign_TN,latent_27,150000,0.0,0.0
V3_additive,CICIDS_benign_TN,latent_28,150000,0.020888496190309525,-0.004667699337005615
V3_additive,CICIDS_benign_TN,latent_29,150000,0.014121020212769508,-0.011271555908024311
V3_additive,CICIDS_benign_TN,latent_30,150000,0.056052643805742264,-0.04908350855112076
V3_additive,CICIDS_benign_TN,latent_31,150000,0.0025617016945034266,-0.0010717555414885283
V3_additive,CICIDS_benign_TN,energy,150000,0.05323837697505951,-0.019806021824479103
V3_additive,CICIDS_benign_TN,ae_error,150000,0.020449049770832062,-0.008382264524698257
V3_additive,CICIDS_benign_TN,iforest,150000,0.05103239044547081,-0.04661857709288597
V3_additive,CICIDS_benign_TN,prototype_distance,150000,0.09192159026861191,-0.07862070202827454
V3_additive,CICIDS_DDoS_FN,flow.packet_count,95144,0.0889320969581604,-0.0889320969581604
V3_additive,CICIDS_DDoS_FN,flow.duration_s,95144,0.006483158562332392,-0.006476323585957289
V3_additive,CICIDS_DDoS_FN,flow.pps,95144,0.014222761616110802,-0.014222761616110802
V3_additive,CICIDS_DDoS_FN,flow.iat_s_mean,95144,0.31012555956840515,-0.30798566341400146
V3_additive,CICIDS_DDoS_FN,flow.iat_s_min,95144,0.09400810301303864,-0.045698631554841995
V3_additive,CICIDS_DDoS_FN,flow.iat_s_max,95144,0.8816898465156555,-0.6370924711227417
V3_additive,CICIDS_DDoS_FN,flow.psh_count,95144,0.006402747705578804,-0.006402747705578804
V3_additive,CICIDS_DDoS_FN,flow.urg_count,95144,0.0,0.0
V3_additive,CICIDS_DDoS_FN,flow.rst_count,95144,0.0,0.0
V3_additive,CICIDS_DDoS_FN,mask:flow.packet_count,95144,0.0,0.0
V3_additive,CICIDS_DDoS_FN,mask:flow.duration_s,95144,0.0,0.0
V3_additive,CICIDS_DDoS_FN,mask:flow.pps,95144,0.0,0.0
V3_additive,CICIDS_DDoS_FN,mask:flow.iat_s_mean,95144,0.0,0.0
V3_additive,CICIDS_DDoS_FN,mask:flow.iat_s_min,95144,0.0,0.0
V3_additive,CICIDS_DDoS_FN,mask:flow.iat_s_max,95144,0.0,0.0
V3_additive,CICIDS_DDoS_FN,mask:flow.psh_count,95144,0.0,0.0
V3_additive,CICIDS_DDoS_FN,mask:flow.urg_count,95144,0.0,0.0
V3_additive,CICIDS_DDoS_FN,mask:flow.rst_count,95144,0.0,0.0
V3_additive,CICIDS_DDoS_FN,latent_0,95144,0.02802315354347229,0.02802315354347229
V3_additive,CICIDS_DDoS_FN,latent_1,95144,0.06386474519968033,-0.06386474519968033
V3_additive,CICIDS_DDoS_FN,latent_2,95144,0.05100428685545921,-0.05100428685545921
V3_additive,CICIDS_DDoS_FN,latent_3,95144,0.020396117120981216,-0.020396117120981216
V3_additive,CICIDS_DDoS_FN,latent_4,95144,0.015423714183270931,-0.015423714183270931
V3_additive,CICIDS_DDoS_FN,latent_5,95144,0.052683569490909576,-0.052683569490909576
V3_additive,CICIDS_DDoS_FN,latent_6,95144,0.002882804488763213,0.0018135292921215296
V3_additive,CICIDS_DDoS_FN,latent_7,95144,0.023315373808145523,0.02315405011177063
V3_additive,CICIDS_DDoS_FN,latent_8,95144,0.038390979170799255,-0.038390979170799255
V3_additive,CICIDS_DDoS_FN,latent_9,95144,0.0027369854506105185,-0.0024442935828119516
V3_additive,CICIDS_DDoS_FN,latent_10,95144,0.010436995886266232,0.005562834907323122
V3_additive,CICIDS_DDoS_FN,latent_11,95144,0.09039463847875595,-0.09039463847875595
V3_additive,CICIDS_DDoS_FN,latent_12,95144,0.0,0.0
V3_additive,CICIDS_DDoS_FN,latent_13,95144,0.08868248760700226,-0.08868248760700226
V3_additive,CICIDS_DDoS_FN,latent_14,95144,2.992812156677246,-2.992812156677246
V3_additive,CICIDS_DDoS_FN,latent_15,95144,0.01905704289674759,0.01777813211083412
V3_additive,CICIDS_DDoS_FN,latent_16,95144,0.00019330465875100344,0.00017079820099752396
V3_additive,CICIDS_DDoS_FN,latent_17,95144,0.9427899122238159,0.9427899122238159
V3_additive,CICIDS_DDoS_FN,latent_18,95144,0.0,0.0
V3_additive,CICIDS_DDoS_FN,latent_19,95144,0.009840941056609154,0.009840941056609154
V3_additive,CICIDS_DDoS_FN,latent_20,95144,0.0955960676074028,0.09501123428344727
V3_additive,CICIDS_DDoS_FN,latent_21,95144,0.01711461879312992,-0.01710723154246807
V3_additive,CICIDS_DDoS_FN,latent_22,95144,0.01701844297349453,-0.01701844297349453
V3_additive,CICIDS_DDoS_FN,latent_23,95144,0.13354350626468658,-0.13342644274234772
V3_additive,CICIDS_DDoS_FN,latent_24,95144,0.12979809939861298,-0.12979809939861298
V3_additive,CICIDS_DDoS_FN,latent_25,95144,0.0010753246024250984,0.000874375575222075
V3_additive,CICIDS_DDoS_FN,latent_26,95144,0.3735761344432831,-0.3735761344432831
V3_additive,CICIDS_DDoS_FN,latent_27,95144,0.0,0.0
V3_additive,CICIDS_DDoS_FN,latent_28,95144,0.010075860656797886,0.010075860656797886
V3_additive,CICIDS_DDoS_FN,latent_29,95144,0.01223424356430769,-0.012164521031081676
V3_additive,CICIDS_DDoS_FN,latent_30,95144,0.05676360800862312,-0.05676360800862312
V3_additive,CICIDS_DDoS_FN,latent_31,95144,0.0007674142834730446,-0.0007631198968738317
V3_additive,CICIDS_DDoS_FN,energy,95144,0.17209550738334656,-0.1720191389322281
V3_additive,CICIDS_DDoS_FN,ae_error,95144,0.017781132832169533,0.017781132832169533
V3_additive,CICIDS_DDoS_FN,iforest,95144,0.05323942378163338,-0.05323942378163338
V3_additive,CICIDS_DDoS_FN,prototype_distance,95144,0.09951888769865036,-0.09951888769865036
V3_final_flow,sim_benign_TN,flow.packet_count,93,0.030423803254961967,-0.024564115330576897
V3_final_flow,sim_benign_TN,flow.duration_s,93,0.22160078585147858,-0.19443130493164062
V3_final_flow,sim_benign_TN,flow.pps,93,0.032298941165208817,-0.024054590612649918
V3_final_flow,sim_benign_TN,flow.iat_s_mean,93,0.019357968121767044,-0.016536496579647064
V3_final_flow,sim_benign_TN,flow.iat_s_min,93,0.05448112636804581,-0.025278329849243164
V3_final_flow,sim_benign_TN,flow.iat_s_max,93,0.36531543731689453,-0.16611754894256592
V3_final_flow,sim_benign_TN,flow.psh_count,93,0.06564995646476746,-0.053007666021585464
V3_final_flow,sim_benign_TN,flow.urg_count,93,0.0,0.0
V3_final_flow,sim_benign_TN,flow.rst_count,93,0.0,0.0
V3_final_flow,sim_benign_TN,mask:flow.packet_count,93,0.0,0.0
V3_final_flow,sim_benign_TN,mask:flow.duration_s,93,0.0,0.0
V3_final_flow,sim_benign_TN,mask:flow.pps,93,0.0,0.0
V3_final_flow,sim_benign_TN,mask:flow.iat_s_mean,93,0.0,0.0
V3_final_flow,sim_benign_TN,mask:flow.iat_s_min,93,0.0,0.0
V3_final_flow,sim_benign_TN,mask:flow.iat_s_max,93,0.0,0.0
V3_final_flow,sim_benign_TN,mask:flow.psh_count,93,0.0,0.0
V3_final_flow,sim_benign_TN,mask:flow.urg_count,93,0.0,0.0
V3_final_flow,sim_benign_TN,mask:flow.rst_count,93,0.0,0.0
V3_final_flow,sim_benign_TN,latent_0,93,0.005742831155657768,-0.0014264634810388088
V3_final_flow,sim_benign_TN,latent_1,93,1.1739681959152222,-0.37003499269485474
V3_final_flow,sim_benign_TN,latent_2,93,0.029798703268170357,0.005169183947145939
V3_final_flow,sim_benign_TN,latent_3,93,0.0252414308488369,0.018862251192331314
V3_final_flow,sim_benign_TN,latent_4,93,0.003943316172808409,0.0015104336198419333
V3_final_flow,sim_benign_TN,latent_5,93,0.26737305521965027,0.05601426213979721
V3_final_flow,sim_benign_TN,latent_6,93,0.08779843896627426,0.009686020202934742
V3_final_flow,sim_benign_TN,latent_7,93,0.0061799013055861,-0.0008486040751449764
V3_final_flow,sim_benign_TN,latent_8,93,0.0369860902428627,-0.0209384523332119
V3_final_flow,sim_benign_TN,latent_9,93,0.029984092339873314,-0.004748670384287834
V3_final_flow,sim_benign_TN,latent_10,93,0.0,0.0
V3_final_flow,sim_benign_TN,latent_11,93,0.03505345806479454,0.00395516911521554
V3_final_flow,sim_benign_TN,latent_12,93,0.013886690139770508,-0.013439992442727089
V3_final_flow,sim_benign_TN,latent_13,93,0.025139905512332916,-0.02310667186975479
V3_final_flow,sim_benign_TN,latent_14,93,0.3300800025463104,-0.2922379970550537
V3_final_flow,sim_benign_TN,latent_15,93,0.05427524074912071,-0.014345059171319008
V3_final_flow,sim_benign_TN,latent_16,93,0.03378041461110115,-0.01232306007295847
V3_final_flow,sim_benign_TN,latent_17,93,0.10498428344726562,-0.09165537357330322
V3_final_flow,sim_benign_TN,latent_18,93,0.02214820683002472,-0.018270889297127724
V3_final_flow,sim_benign_TN,latent_19,93,0.019425904378294945,-0.011461304500699043
V3_final_flow,sim_benign_TN,latent_20,93,0.3315572142601013,-0.047316670417785645
V3_final_flow,sim_benign_TN,latent_21,93,0.11866495013237,-0.0394534170627594
V3_final_flow,sim_benign_TN,latent_22,93,0.0025053266435861588,-0.00126100261695683
V3_final_flow,sim_benign_TN,latent_23,93,0.12225689738988876,-0.1050693690776825
V3_final_flow,sim_benign_TN,latent_24,93,0.0,0.0
V3_final_flow,sim_benign_TN,latent_25,93,0.004854314960539341,-0.002404959173873067
V3_final_flow,sim_benign_TN,latent_26,93,0.6626505851745605,-0.5644949674606323
V3_final_flow,sim_benign_TN,latent_27,93,0.007515219505876303,0.0001167509617516771
V3_final_flow,sim_benign_TN,latent_28,93,0.05453737452626228,-0.04569181427359581
V3_final_flow,sim_benign_TN,latent_29,93,0.014270301908254623,-0.0073514580726623535
V3_final_flow,sim_benign_TN,latent_30,93,0.08264859020709991,-0.06941565871238708
V3_final_flow,sim_benign_TN,latent_31,93,0.9194353222846985,-0.8338372707366943
V3_final_flow,sim_benign_TN,energy,93,0.012248609215021133,0.006235260516405106
V3_final_flow,sim_benign_TN,ae_error,93,0.06271281838417053,-0.02937973663210869
V3_final_flow,sim_benign_TN,iforest,93,0.05891016498208046,-0.04250790923833847
V3_final_flow,sim_benign_TN,prototype_distance,93,0.04231854900717735,0.0054874722845852375
V3_final_flow,sim_DDoS_TP,flow.packet_count,217,0.024072177708148956,-0.007704529911279678
V3_final_flow,sim_DDoS_TP,flow.duration_s,217,0.049810703843832016,0.04212335869669914
V3_final_flow,sim_DDoS_TP,flow.pps,217,0.022775882855057716,-0.010897353291511536
V3_final_flow,sim_DDoS_TP,flow.iat_s_mean,217,0.01512714009732008,-0.00535964872688055
V3_final_flow,sim_DDoS_TP,flow.iat_s_min,217,0.048014283180236816,-0.01129703689366579
V3_final_flow,sim_DDoS_TP,flow.iat_s_max,217,0.22171403467655182,0.19527600705623627
V3_final_flow,sim_DDoS_TP,flow.psh_count,217,0.016875948756933212,-0.01061877328902483
V3_final_flow,sim_DDoS_TP,flow.urg_count,217,0.0,0.0
V3_final_flow,sim_DDoS_TP,flow.rst_count,217,0.0,0.0
V3_final_flow,sim_DDoS_TP,mask:flow.packet_count,217,0.0,0.0
V3_final_flow,sim_DDoS_TP,mask:flow.duration_s,217,0.0,0.0
V3_final_flow,sim_DDoS_TP,mask:flow.pps,217,0.0,0.0
V3_final_flow,sim_DDoS_TP,mask:flow.iat_s_mean,217,0.0,0.0
V3_final_flow,sim_DDoS_TP,mask:flow.iat_s_min,217,0.0,0.0
V3_final_flow,sim_DDoS_TP,mask:flow.iat_s_max,217,0.0,0.0
V3_final_flow,sim_DDoS_TP,mask:flow.psh_count,217,0.0,0.0
V3_final_flow,sim_DDoS_TP,mask:flow.urg_count,217,0.0,0.0
V3_final_flow,sim_DDoS_TP,mask:flow.rst_count,217,0.0,0.0
V3_final_flow,sim_DDoS_TP,latent_0,217,0.014771224930882454,-0.008736426942050457
V3_final_flow,sim_DDoS_TP,latent_1,217,1.3642637729644775,1.3642637729644775
V3_final_flow,sim_DDoS_TP,latent_2,217,0.03807341307401657,-0.02762117236852646
V3_final_flow,sim_DDoS_TP,latent_3,217,0.032339908182621,0.017546381801366806
V3_final_flow,sim_DDoS_TP,latent_4,217,0.0012037893757224083,0.0009962740587070584
V3_final_flow,sim_DDoS_TP,latent_5,217,0.31237027049064636,0.31237027049064636
V3_final_flow,sim_DDoS_TP,latent_6,217,0.13493512570858002,0.027740947902202606
V3_final_flow,sim_DDoS_TP,latent_7,217,0.004218528512865305,0.0025382135063409805
V3_final_flow,sim_DDoS_TP,latent_8,217,0.01978452131152153,-0.008854839950799942
V3_final_flow,sim_DDoS_TP,latent_9,217,0.03847253695130348,-0.03166727349162102
V3_final_flow,sim_DDoS_TP,latent_10,217,0.0,0.0
V3_final_flow,sim_DDoS_TP,latent_11,217,0.022030113264918327,0.005945698823779821
V3_final_flow,sim_DDoS_TP,latent_12,217,0.0007495134486816823,0.0007495134486816823
V3_final_flow,sim_DDoS_TP,latent_13,217,0.001934173982590437,0.001934173982590437
V3_final_flow,sim_DDoS_TP,latent_14,217,0.07115649431943893,0.06899601966142654
V3_final_flow,sim_DDoS_TP,latent_15,217,0.10809614509344101,-0.08817343413829803
V3_final_flow,sim_DDoS_TP,latent_16,217,0.029186710715293884,0.015999682247638702
V3_final_flow,sim_DDoS_TP,latent_17,217,0.06882686167955399,-0.03715101629495621
V3_final_flow,sim_DDoS_TP,latent_18,217,0.0034287760499864817,-0.0034287760499864817
V3_final_flow,sim_DDoS_TP,latent_19,217,0.017634842544794083,0.011640497483313084
V3_final_flow,sim_DDoS_TP,latent_20,217,0.29651951789855957,0.29651951789855957
V3_final_flow,sim_DDoS_TP,latent_21,217,0.10614476352930069,0.08520196378231049
V3_final_flow,sim_DDoS_TP,latent_22,217,0.0003769993782043457,-0.0003769993782043457
V3_final_flow,sim_DDoS_TP,latent_23,217,0.04984929785132408,-0.02776949107646942
V3_final_flow,sim_DDoS_TP,latent_24,217,0.0,0.0
V3_final_flow,sim_DDoS_TP,latent_25,217,0.00847823079675436,-0.005029879976063967
V3_final_flow,sim_DDoS_TP,latent_26,217,0.2678283154964447,0.2678283154964447
V3_final_flow,sim_DDoS_TP,latent_27,217,0.010034563019871712,-0.005019309464842081
V3_final_flow,sim_DDoS_TP,latent_28,217,0.027182171121239662,-0.021997231990098953
V3_final_flow,sim_DDoS_TP,latent_29,217,0.007040469907224178,-0.007040469907224178
V3_final_flow,sim_DDoS_TP,latent_30,217,0.02411581203341484,0.02411581203341484
V3_final_flow,sim_DDoS_TP,latent_31,217,0.09832610189914703,0.09176771342754364
V3_final_flow,sim_DDoS_TP,energy,217,0.008373646065592766,0.007692054845392704
V3_final_flow,sim_DDoS_TP,ae_error,217,0.03559883311390877,-0.0005689991521649063
V3_final_flow,sim_DDoS_TP,iforest,217,0.04576098173856735,0.030434049665927887
V3_final_flow,sim_DDoS_TP,prototype_distance,217,0.02953673154115677,0.004161356948316097
V3_final_flow,CICIDS_benign_TN,flow.packet_count,150000,0.02876230515539646,-0.027405058965086937
V3_final_flow,CICIDS_benign_TN,flow.duration_s,150000,0.3107759356498718,-0.27524155378341675
V3_final_flow,CICIDS_benign_TN,flow.pps,150000,0.06939534842967987,-0.06508658826351166
V3_final_flow,CICIDS_benign_TN,flow.iat_s_mean,150000,0.02524685300886631,-0.023676181212067604
V3_final_flow,CICIDS_benign_TN,flow.iat_s_min,150000,0.0626988336443901,-0.01353247556835413
V3_final_flow,CICIDS_benign_TN,flow.iat_s_max,150000,0.6219202876091003,-0.5629861950874329
V3_final_flow,CICIDS_benign_TN,flow.psh_count,150000,0.08612548559904099,-0.07424182444810867
V3_final_flow,CICIDS_benign_TN,flow.urg_count,150000,0.0,0.0
V3_final_flow,CICIDS_benign_TN,flow.rst_count,150000,0.0,0.0
V3_final_flow,CICIDS_benign_TN,mask:flow.packet_count,150000,0.0,0.0
V3_final_flow,CICIDS_benign_TN,mask:flow.duration_s,150000,0.0,0.0
V3_final_flow,CICIDS_benign_TN,mask:flow.pps,150000,0.0,0.0
V3_final_flow,CICIDS_benign_TN,mask:flow.iat_s_mean,150000,0.0,0.0
V3_final_flow,CICIDS_benign_TN,mask:flow.iat_s_min,150000,0.0,0.0
V3_final_flow,CICIDS_benign_TN,mask:flow.iat_s_max,150000,0.0,0.0
V3_final_flow,CICIDS_benign_TN,mask:flow.psh_count,150000,0.0,0.0
V3_final_flow,CICIDS_benign_TN,mask:flow.urg_count,150000,0.0,0.0
V3_final_flow,CICIDS_benign_TN,mask:flow.rst_count,150000,0.0,0.0
V3_final_flow,CICIDS_benign_TN,latent_0,150000,0.004392745904624462,-0.002675475552678108
V3_final_flow,CICIDS_benign_TN,latent_1,150000,1.1220277547836304,-0.6848505139350891
V3_final_flow,CICIDS_benign_TN,latent_2,150000,0.016177769750356674,-0.0014143226435407996
V3_final_flow,CICIDS_benign_TN,latent_3,150000,0.02148810215294361,0.016980551183223724
V3_final_flow,CICIDS_benign_TN,latent_4,150000,0.0016158467624336481,-0.001269833417609334
V3_final_flow,CICIDS_benign_TN,latent_5,150000,0.16228409111499786,-0.0769675225019455
V3_final_flow,CICIDS_benign_TN,latent_6,150000,0.0900799036026001,0.0011778398184105754
V3_final_flow,CICIDS_benign_TN,latent_7,150000,0.008750039152801037,-0.0006264038383960724
V3_final_flow,CICIDS_benign_TN,latent_8,150000,0.021279161795973778,-0.0016923939110711217
V3_final_flow,CICIDS_benign_TN,latent_9,150000,0.03827762231230736,-0.019207444041967392
V3_final_flow,CICIDS_benign_TN,latent_10,150000,0.0,0.0
V3_final_flow,CICIDS_benign_TN,latent_11,150000,0.02627270109951496,0.02394975908100605
V3_final_flow,CICIDS_benign_TN,latent_12,150000,0.005542802158743143,-0.005161306355148554
V3_final_flow,CICIDS_benign_TN,latent_13,150000,0.026356367394328117,-0.024201257154345512
V3_final_flow,CICIDS_benign_TN,latent_14,150000,0.227042555809021,-0.19368518888950348
V3_final_flow,CICIDS_benign_TN,latent_15,150000,0.054863084107637405,-0.00016138447972480208
V3_final_flow,CICIDS_benign_TN,latent_16,150000,0.023240365087985992,-0.012496329843997955
V3_final_flow,CICIDS_benign_TN,latent_17,150000,0.16790421307086945,-0.16541320085525513
V3_final_flow,CICIDS_benign_TN,latent_18,150000,0.018020430579781532,-0.01686362363398075
V3_final_flow,CICIDS_benign_TN,latent_19,150000,0.014103290624916553,-0.003237617202103138
V3_final_flow,CICIDS_benign_TN,latent_20,150000,0.5020509362220764,-0.35883042216300964
V3_final_flow,CICIDS_benign_TN,latent_21,150000,0.13582025468349457,-0.06307997554540634
V3_final_flow,CICIDS_benign_TN,latent_22,150000,0.0016502543585374951,-0.0005648605874739587
V3_final_flow,CICIDS_benign_TN,latent_23,150000,0.02421633154153824,-0.009138244204223156
V3_final_flow,CICIDS_benign_TN,latent_24,150000,0.0,0.0
V3_final_flow,CICIDS_benign_TN,latent_25,150000,0.004560878966003656,-0.0004108581633772701
V3_final_flow,CICIDS_benign_TN,latent_26,150000,0.800937294960022,-0.7499729990959167
V3_final_flow,CICIDS_benign_TN,latent_27,150000,0.0045425365678966045,0.0002970505738630891
V3_final_flow,CICIDS_benign_TN,latent_28,150000,0.05266217514872551,-0.049965690821409225
V3_final_flow,CICIDS_benign_TN,latent_29,150000,0.012509656138718128,-0.007078925613313913
V3_final_flow,CICIDS_benign_TN,latent_30,150000,0.05077109858393669,-0.03994803503155708
V3_final_flow,CICIDS_benign_TN,latent_31,150000,0.6932119727134705,-0.5966010093688965
V3_final_flow,CICIDS_benign_TN,energy,150000,0.007231033407151699,0.001754655153490603
V3_final_flow,CICIDS_benign_TN,ae_error,150000,0.09609632939100266,0.008264591917395592
V3_final_flow,CICIDS_benign_TN,iforest,150000,0.050099220126867294,-0.036805856972932816
V3_final_flow,CICIDS_benign_TN,prototype_distance,150000,0.026783648878335953,0.012358804233372211
V3_final_flow,CICIDS_DDoS_FN,flow.packet_count,95144,0.013820321299135685,-0.013820321299135685
V3_final_flow,CICIDS_DDoS_FN,flow.duration_s,95144,0.012537823989987373,-0.0010497081093490124
V3_final_flow,CICIDS_DDoS_FN,flow.pps,95144,0.004307945258915424,0.004307945258915424
V3_final_flow,CICIDS_DDoS_FN,flow.iat_s_mean,95144,0.04872031509876251,-0.048659276217222214
V3_final_flow,CICIDS_DDoS_FN,flow.iat_s_min,95144,0.08729855716228485,0.08729855716228485
V3_final_flow,CICIDS_DDoS_FN,flow.iat_s_max,95144,0.5346173644065857,-0.4726862907409668
V3_final_flow,CICIDS_DDoS_FN,flow.psh_count,95144,0.050904419273138046,-0.050904419273138046
V3_final_flow,CICIDS_DDoS_FN,flow.urg_count,95144,0.0,0.0
V3_final_flow,CICIDS_DDoS_FN,flow.rst_count,95144,0.0,0.0
V3_final_flow,CICIDS_DDoS_FN,mask:flow.packet_count,95144,0.0,0.0
V3_final_flow,CICIDS_DDoS_FN,mask:flow.duration_s,95144,0.0,0.0
V3_final_flow,CICIDS_DDoS_FN,mask:flow.pps,95144,0.0,0.0
V3_final_flow,CICIDS_DDoS_FN,mask:flow.iat_s_mean,95144,0.0,0.0
V3_final_flow,CICIDS_DDoS_FN,mask:flow.iat_s_min,95144,0.0,0.0
V3_final_flow,CICIDS_DDoS_FN,mask:flow.iat_s_max,95144,0.0,0.0
V3_final_flow,CICIDS_DDoS_FN,mask:flow.psh_count,95144,0.0,0.0
V3_final_flow,CICIDS_DDoS_FN,mask:flow.urg_count,95144,0.0,0.0
V3_final_flow,CICIDS_DDoS_FN,mask:flow.rst_count,95144,0.0,0.0
V3_final_flow,CICIDS_DDoS_FN,latent_0,95144,0.0015113489935174584,0.0015113489935174584
V3_final_flow,CICIDS_DDoS_FN,latent_1,95144,1.0162914991378784,-1.0162914991378784
V3_final_flow,CICIDS_DDoS_FN,latent_2,95144,0.034225255250930786,0.034151509404182434
V3_final_flow,CICIDS_DDoS_FN,latent_3,95144,0.04083095118403435,0.04083095118403435
V3_final_flow,CICIDS_DDoS_FN,latent_4,95144,0.002350765513256192,-0.002350765513256192
V3_final_flow,CICIDS_DDoS_FN,latent_5,95144,0.17179296910762787,-0.17179296910762787
V3_final_flow,CICIDS_DDoS_FN,latent_6,95144,0.012205820530653,0.010166232474148273
V3_final_flow,CICIDS_DDoS_FN,latent_7,95144,0.0018045487813651562,0.0007785864872857928
V3_final_flow,CICIDS_DDoS_FN,latent_8,95144,0.07631468772888184,-0.07631468772888184
V3_final_flow,CICIDS_DDoS_FN,latent_9,95144,0.0054350197315216064,0.0054350197315216064
V3_final_flow,CICIDS_DDoS_FN,latent_10,95144,0.0,0.0
V3_final_flow,CICIDS_DDoS_FN,latent_11,95144,0.02863994427025318,0.02863994427025318
V3_final_flow,CICIDS_DDoS_FN,latent_12,95144,0.019947713240981102,-0.019947713240981102
V3_final_flow,CICIDS_DDoS_FN,latent_13,95144,0.09277604520320892,-0.09277604520320892
V3_final_flow,CICIDS_DDoS_FN,latent_14,95144,0.3932194113731384,-0.3932194113731384
V3_final_flow,CICIDS_DDoS_FN,latent_15,95144,0.012900234200060368,0.000989053980447352
V3_final_flow,CICIDS_DDoS_FN,latent_16,95144,0.020085956901311874,-0.019971441477537155
V3_final_flow,CICIDS_DDoS_FN,latent_17,95144,0.0106849679723382,0.010583598166704178
V3_final_flow,CICIDS_DDoS_FN,latent_18,95144,0.02050742320716381,-0.02050742320716381
V3_final_flow,CICIDS_DDoS_FN,latent_19,95144,0.018137795850634575,-0.005378514528274536
V3_final_flow,CICIDS_DDoS_FN,latent_20,95144,0.10739993304014206,0.10604454576969147
V3_final_flow,CICIDS_DDoS_FN,latent_21,95144,0.05239062011241913,0.051950596272945404
V3_final_flow,CICIDS_DDoS_FN,latent_22,95144,0.0013888514367863536,0.001387392869219184
V3_final_flow,CICIDS_DDoS_FN,latent_23,95144,0.20549237728118896,-0.2053937166929245
V3_final_flow,CICIDS_DDoS_FN,latent_24,95144,0.0,0.0
V3_final_flow,CICIDS_DDoS_FN,latent_25,95144,0.010117589496076107,-0.010113338939845562
V3_final_flow,CICIDS_DDoS_FN,latent_26,95144,0.8207919001579285,-0.8207919001579285
V3_final_flow,CICIDS_DDoS_FN,latent_27,95144,0.0030355725903064013,0.0030355725903064013
V3_final_flow,CICIDS_DDoS_FN,latent_28,95144,0.06955135613679886,-0.06955135613679886
V3_final_flow,CICIDS_DDoS_FN,latent_29,95144,0.015713978558778763,-0.015612716786563396
V3_final_flow,CICIDS_DDoS_FN,latent_30,95144,0.1074872687458992,-0.1074872687458992
V3_final_flow,CICIDS_DDoS_FN,latent_31,95144,1.4602793455123901,-1.4600385427474976
V3_final_flow,CICIDS_DDoS_FN,energy,95144,0.00553905451670289,0.005524038337171078
V3_final_flow,CICIDS_DDoS_FN,ae_error,95144,0.0401153638958931,-0.0401153638958931
V3_final_flow,CICIDS_DDoS_FN,iforest,95144,0.06862571835517883,-0.06862571835517883
V3_final_flow,CICIDS_DDoS_FN,prototype_distance,95144,0.022768519818782806,0.022768519818782806
